SKU,FSN,Title,Image 1,Image 2,Image 3,Image 4,Image 5,Image 6,Other Feature,Description,Highlights,Variation,Rating,Review,RPDV2
BT300MCA132,BOTGJF9XR47BPFPY,,,,,,,,,,,,,,
IGLBTNM0500,BOTFN2MFQADDD8VR,,,,,,,,,,,,,,
BT380BLK130,BOTGG9VGBFZ58HJN,,,,,,,,,,,,,,
BVUNEBLU1000,BOTGS2VEZAYXAFD8,,,,,,,,,,,,,,
BVUNEPNK1000,BOTGS2XBN9XTR33Q,,,,,,,,,,,,,,
BVUNEGRN1000,BOTGS2WRSTKTGWE3,,,,,,,,,,,,,,
BT500SS113,BOTFMYYRRHW5X3AD,,,,,,,,,,,,,,
BVUNEGRN550,BOTFTZKNVGYSYHZJ,,,,,,,,,,,,,,
BT0900BK102,BOTGXE3ZGAD3XJU5,,,,,,,,,,,,,,
BT0600BK102,BOTGXE4BEGDPAFEU,,,,,,,,,,,,,,
BVUNEPNK550,BOTGYDWKJAMT2P4Z,,,,,,,,,,,,,,
BT350SSB109,BOTFZYCFCGZZJEYK,,,,,,,,,,,,,,
FLKT75SSB12,BOTGYEHJBZ7WSMJS,,,,,,,,,,,,,,
FLKT1LSSB11,BOTGYEHJSEK2GHJZ,,,,,,,,,,,,,,
FLKT15BLK19,BOTGY4M4ZZ647XRH,,,,,,,,,,,,,,
BT300BLK126,BOTG8RVDQMHY2VSZ,,,,,,,,,,,,,,
FGFTL350BLU,BOTFZYCF7ZTJH8HZ,,,,,,,,,,,,,,
FLKT50BLK13,BOTFRGG9SD3D7D6Q,,,,,,,,,,,,,,
BT260PK118,BOTFMYYRVGKR8NKU,,,,,,,,,,,,,,
BT420BN101,BOTFMYYRU56CZGGC,,,,,,,,,,,,,,
FLKT1LRED13,BOTGY4M4XM6G9PGD,,,,,,,,,,,,,,
BT200RG116,BOTFMYYRNZKGGGTV,,,,,,,,,,,,,,
BT360BN113,BOTFMYYRVNF4KDZ6,,,,,,,,,,,,,,
FGBOL0750BL_1,BOTF8SFPNQFTDHC8,,,,,,,,,,,,,,
BT200PK115,BOTFMYYRBAEJCZV7,,,,,,,,,,,,,,
FGBOL0500RD_1,BOTFTRH4QV9AXBX2,,,,,,,,,,,,,,
FGBOL0750RD_1,BOTFTRH4SHRYNY7Z,,,,,,,,,,,,,,
FGBOL1000BL_1,BOTFFUKQGMA3FQFJ,,,,,,,,,,,,,,
BT400GLD105,BOTFZYCFZH7P6JWS,,,,,,,,,,,,,,
BT420PE102,BOTFMYYRU4SHU7CB,,,,,,,,,,,,,,
BSW1000SS31-6,BOTGZDZT9FMSSPKC,,,,,,,,,,,,,,
BSW0900SS54,BOTGTG35BYZZBMZV,,,,,,,,,,,,,,
BSW1000SS12-5,BOTGZDZUMX3A7QPZ,,,,,,,,,,,,,,
BSW1000SS12-3,BOTGZDZWNDAWSYFN,,,,,,,,,,,,,,
BSW1000SS32,BOTGNREZGNPZKWDF,,,,,,,,,,,,,,
BSW1000SS12-2,BOTGZDZUHXPRBZCA,,,,,,,,,,,,,,
BSW1000SS33,BOTGTG34AGJ9XSVS,,,,,,,,,,,,,,
BSW1000SS12-4,BOTGZDZU3CAJ6EHT,,,,,,,,,,,,,,
BSW1000SS12-6,BOTGZDZVKYGYCGZJ,,,,,,,,,,,,,,
BSW1000SS32-2,BOTGNRKYBDY8WZRK,,,,,,,,,,,,,,
BSW750SS15-3,BOTGZENC4KCZH95P,,,,,,,,,,,,,,
BSW750SS15-4,BOTGZENCYG86JFSJ,,,,,,,,,,,,,,
BSW1000SS31-4,BOTGZDZUYGTRKHY9,,,,,,,,,,,,,,
BSW1000SS31-5,BOTGZDZUAPMZSTWM,,,,,,,,,,,,,,
BSW1000SS31-3,BOTGZDZU4WXMZFCE,,,,,,,,,,,,,,
BSW750SS15-5,BOTGZENCMNAXRUHY,,,,,,,,,,,,,,
BSW750SS13-6,BOTGZES5AFFFRXWQ,,,,,,,,,,,,,,
BSW1000SS31-2,BOTGZDZWBHSGGZAP,,,,,,,,,,,,,,
BSW750SS13,BOTFFFQ6ZSJSFZWD,,,,,,,,,,,,,,
BSW750SS15-6,BOTGZENCDTZDWZZH,,,,,,,,,,,,,,
BSW750SS14,BOTFFFQ6KFMXRZ67,,,,,,,,,,,,,,
BSW750SS15-2,BOTGZENCJJSYJVKE,,,,,,,,,,,,,,
BSW750SS14-6,BOTGZENDQUQ4HHUF,,,,,,,,,,,,,,
BSW750SS12-6,BOTGZENNWMPVXCJ2,,,,,,,,,,,,,,
BSW750SS14-5,BOTGZENDEFHNBTVB,,,,,,,,,,,,,,
BSW750SS12-4,BOTGZENC8UVYFQZK,,,,,,,,,,,,,,
BSW750SS14-3,BOTGZEND4JSWUFGF,,,,,,,,,,,,,,
BSW750SS14-2,BOTGZENDFTCGCEG7,,,,,,,,,,,,,,
BSW750SS14-4,BOTGZENDUD2RUTR4,,,,,,,,,,,,,,
BSW750SS12-5,BOTGZENCYTMK8HVG,,,,,,,,,,,,,,
BSW750SS12-2,BOTGZENDXBZJTVR9,,,,,,,,,,,,,,
BSW750SS11-3,BOTGZENF6UEGMVYG,,,,,,,,,,,,,,
BSW750BK34-6,BOTGZVM3WRWEJPZC,,,,,,,,,,,,,,
BSW750SS12-3,BOTGZENEPBYTPJGS,,,,,,,,,,,,,,
BSW750SS11-5,BOTGZENDP7PFTJPG,,,,,,,,,,,,,,
BSW750SS11,BOTFFFQ6JUEYBBQW,,,,,,,,,,,,,,
BSW750SS11-6,BOTGZENDYVHVGFUN,,,,,,,,,,,,,,
BSW750SS11-2,BOTGZEZYUN32SRZP,,,,,,,,,,,,,,
BSW750BK34-5,BOTGZVM6BY76CKJ2,,,,,,,,,,,,,,
BSW750SS11-4,BOTGZEND9DHDYTGR,,,,,,,,,,,,,,
BSW750BK34-3,BOTGZVM7GGMNTHTP,,,,,,,,,,,,,,
BSW750BK34-1,BOTGZVM7G38KFHMF,,,,,,,,,,,,,,
BSW1000SS21-3,BOTGZDZVGRA7SKHQ,,,,,,,,,,,,,,
BSW1000SS31,BOTGD6U49YNPUQJZ,,,,,,,,,,,,,,
BSW750BK34-2,BOTGZVM63FNY9966,,,,,,,,,,,,,,
BSW750BK34,BOTGTG34QJBUGFZX,,,,,,,,,,,,,,
BSW1000SS21-6,BOTGZDZUKHZKYTRZ,,,,,,,,,,,,,,
BSW1000SS21-2,BOTGZDZTFPJQP2P4,,,,,,,,,,,,,,
BSW1000SS21-5,BOTGZDZUGTHWG8ME,,,,,,,,,,,,,,
BSW1000SS21-4,BOTGZDZUBRARJD2D,,,,,,,,,,,,,,
KBT500ORE16,BOTGEMTHCKCBFWFM,,,,,,,,,,,,,,
KBT500BLE14,BOTGEMGUQB9NUYGZ,,,,,,,,,,,,,,
BT0710BLK403,BOTFZP5TQPYRVHKK,,,,,,,,,,,,,,
KBT500PNK15,BOTGEMGTPAHNK3YC,,,,,,,,,,,,,,
BSW1000BK35,BOTGTG3FPTMT7KYW,,,,,,,,,,,,,,
BT750SSB108,BOTFMYYRFRCT5TNE,,,,,,,,,,,,,,
BT0710LBE401,BOTFZP5TKARAXNHF,,,,,,,,,,,,,,
BT0710SGY402,BOTFZP5TDHF5FGUB,,,,,,,,,,,,,,
FGBOL1000RD,BOTFZYCFVMGFSAUE,,,,,,,,,,,,,,
BT360PK119,BOTFMYYR4GND7GZE,,,,,,,,,,,,,,
BT0750MR208,BOTFMYYRYTCVA4K9,,,,,,,,,,,,,,
HDECOCOPRBLK,BOTGR5STGNAHYHAE,,,,,,,,,,,,,,
BSW1000SS21,BOTFZRHNRD82QGY6,,,,,,,,,,,,,,
BSW1000SS12,BOTFZYCFDD5K39PG,,,,,,,,,,,,,,
BSW750SS15,BOTFFFQ62E2URUPH,,,,,,,,,,,,,,
HDECOCPTPRO,BOTGCFGZ9KUYH3QA,,,,,,,,,,,,,,
BSW750SS12,BOTFFFQ68SGYJXAG,,,,,,,,,,,,,,
ISFGBO10S1,BOTG4JRXZYQZUSVX,,,,,,,,,,,,,,
ISFGBO0350S,BOTF4JHFBSSUFNW7,,,,,,,,,,,,,,
ISFGBO1000S,BOTF4JHFG4WGKTDM,,,,,,,,,,,,,,
ISFGBO0500S_1,BOTFTRH4Q7Y3N7V3,,,,,,,,,,,,,,
ISFGBO0500S,BOTF4JHFJV6JEYXE,,,,,,,,,,,,,,
ISFGBO0750S,BOTF4JHFQFXFA6RN,,,,,,,,,,,,,,
ISFGBO1500S,BOTFMYYR8RV3GZZ2,,,,,,,,,,,,,,
ISFGBO1800S,BOTFZYCFYFZCURZV,,,,,,,,,,,,,,
FGBOL0500BL_1,BOTFTRH4YEZZEF4G,,,,,,,,,,,,,,
FGBOL75RD1,BOTG4JRXV8ZMZJEZ,,,,,,,,,,,,,,
BT700BLK112,BOTG2ZQVCQRU5GYE,,,,,,,,,,,,,,
BT700GRN111,BOTG2ZQHTHZADPUY,,,,,,,,,,,,,,
BT700BLK104,BOTF8SFZT6VK2VAQ,,,,,,,,,,,,,,
BT700STL117,BOTGBBH6QJQHHTP5,,,,,,,,,,,,,,
BT700TBE109,BOTG4JRXUQGGYM8E,,,,,,,,,,,,,,
ISFGSP0750S,BOTF4JHFMFWHG2U7,,,,,,,,,,,,,,
BAP3000SS37,BOTGTG35GD9CMTRJ,,,,,,,,,,,,,,
BT700MPL116,BOTG7QTMMKBZDCVB,,,,,,,,,,,,,,
BT700SLT115,BOTG7QTMGHCPCHNZ,,,,,,,,,,,,,,
BT700GNT114,BOTG7QTM5ECTEBHY,,,,,,,,,,,,,,
BT700MTY118,BOTGGTWGEPZV73AM,,,,,,,,,,,,,,
HDSIPPPRBLAKEC,BOTGX9T4UB27A9XF,,,,,,,,,,,,,,
HDSIPPPRBRONEC,BOTGX9T6ZPG5V43P,,,,,,,,,,,,,,
BT700GRN103,BOTFNPTMWYQGGF2P,,,,,,,,,,,,,,
BT700ART113,BOTG7QTMZVNAU8UQ,,,,,,,,,,,,,,
BT500GRN101,BOTFHRH6MCUYZCN3,,,,,,,,,,,,,,
BT850GRN101,BOTFMYYR4DKGWZMY,,,,,,,,,,,,,,
HDSIPPPRGRAYEC,BOTGX9TEWW5PCVYC,,,,,,,,,,,,,,
HDSIPPPRGRENEC,BOTGX9TEDZUMBUPN,,,,,,,,,,,,,,
FLKT15GRY43,BOTGVSCTBT9M29KS,,,,,,,,,,,,,,
BPC680BE49,BOTGX9JT57KYZ9XD,,,,,,,,,,,,,,
BT0700BLE402,BOTFZP6EUJXZZ5UR,,,,,,,,,,,,,,
BAQS80051,BOTGVVSUK9JPHZ9X,,,,,,,,,,,,,,
BAQS60050,BOTGVVT4AQUDGKHG,,,,,,,,,,,,,,
FLKT20LSS18,BOTGY4M5KXEVN9JN,,,,,,,,,,,,,,
HDECOCOPRGRY,BOTGR5ST5FSXN7PJ,,,,,,,,,,,,,,
FLKT50RED12,BOTGY4M45XXPFANT,,,,,,,,,,,,,,
IGLBTNM1000,BOTFN2MFHZTPS2DH,,,,,,,,,,,,,,
B0600LR02,BOTGKQKPW6ETYJFV,,,,,,,,,,,,,,
IGLBTWM1000,BOTG98JGKXEGHE87,,,,,,,,,,,,,,
IGLBTWM0500,BOTFHB6XHHPFDN4F,,,,,,,,,,,,,,
BSW1000SS11-5,BOTGZENG6DYDAKU6,,,,,,,,,,,,,,
BT0900BK122,BOTFWZABKVA6RGPK,,,,,,,,,,,,,,
BT0700RED404,BOTFZP6EMRPWMGR3,,,,,,,,,,,,,,
GBTPURBK01L,BOTFDJBNAWHQURSY,,,,,,,,,,,,,,
GBTPURPL01L,BOTFDKASAUTUJH9V,,,,,,,,,,,,,,
B0560TI03,BOTGTG34NQ64JTYZ,,,,,,,,,,,,,,
FGFTL500BLCUP,BOTGTG34ZKX7KDJF,,,,,,,,,,,,,,
BVCRTROMANR1L,BOTGTNZ6VWCAENAH,,,,,,,,,,,,,,
BVCRTVIST1000,BOTGTNZ6X5UDN8DF,,,,,,,,,,,,,,
BVNEOVISTS550,BOTGTNZ6D8GEM7DQ,,,,,,,,,,,,,,
BVNRPRIMS550,BOTGTNZ5VAPVQXDP,,,,,,,,,,,,,,
BVNEOROMAS550,BOTGTNZ6WSUZEGMZ,,,,,,,,,,,,,,
BVCRTPRIS1000,BOTGTNZ6ZAFHAZGG,,,,,,,,,,,,,,
BVCRTROMA1000,BOTGTNZ6Y37SNNEV,,,,,,,,,,,,,,
BVNRVISTS550,BOTGTNZ6ZKVVMAGG,,,,,,,,,,,,,,
BVNEOGLACS550,BOTGTNZ6UHEQFAPC,,,,,,,,,,,,,,
BVCRTVISTNR1L,BOTGTNZ68S7WDMZU,,,,,,,,,,,,,,
BVNEOPRISS550,BOTGTNZ5H9H3GBX3,,,,,,,,,,,,,,
BVCRTPRISNR1L,BOTGTNZ6TUHGG78N,,,,,,,,,,,,,,
BVCRTSINS1000,BOTGTNZ6R5VFFRA7,,,,,,,,,,,,,,
BVNEOGBSS550,BOTGYDWKXEF67G7T,,,,,,,,,,,,,,
FGBUD500BEI_1,BOTFEHZF5TSNZRZ8,,,,,,,,,,,,,,
BAF0830GRY39,BOTGTG34KBH9VW76,,,,,,,,,,,,,,
BLIS0500RD38,BOTGTG32GFBZJCSU,,,,,,,,,,,,,,
BSW750BK34-4,BOTGZVM6KYQQH6KQ,,,,,,,,,,,,,,
BAF0830BLK39,BOTGTG33Y2GEPDXC,,,,,,,,,,,,,,
BLIS0500BK37,BOTGTG34WC7M3FAA,,,,,,,,,,,,,,
MUG540BLK40,BOTGTG3FZACJSGQR,,,,,,,,,,,,,,
BVUNEPNK550_1,BOTFT5JEHFFFHWFG,,,,,,,,,,,,,,
FLKT1LBLK15,BOTGY5D5Q2YXYUWU,,,,,,,,,,,,,,
HDECOCOPRGRE,BOTGR5ST7EHHMFVN,,,,,,,,,,,,,,
FGFTL500BLA,BOTF7Q4VQY6HPZVP,,,,,,,,,,,,,,
ICSLMSS550MEC,BOTFVEJQZFZYDGKU,,,,,,,,,,,,,,
BSW1000SS32-4,BOTGNRKYKZM2BZZF,,,,,,,,,,,,,,
FGFTL1000BU,BOTFZYCFHRRDAABY,,,,,,,,,,,,,,
BSW1000SS32-3,BOTGNRKYDZPEPKAG,,,,,,,,,,,,,,
FLKT75BLK16,BOTGY4M4QWPFZTQR,,,,,,,,,,,,,,
BSW1000SS32-6,BOTGNRKYAQWZGAHJ,,,,,,,,,,,,,,
BM0400BK04,BOTGMPXPSMHMXVN8,,,,,,,,,,,,,,
BT360PE114,BOTFMYYRHGYU95UR,,,,,,,,,,,,,,
BSW1000SS32-5,BOTGNRKYF2ZYDHHH,,,,,,,,,,,,,,
BVBTCWM750SS,BOTG5YGYRF2SGATH,,,,,,,,,,,,,,
FGFTL501BLK,BOTG4JRX2YY9QTVZ,,,,,,,,,,,,,,
FGFTL500BLA_1,BOTFTRH4SB8HX68E,,,,,,,,,,,,,,
ICSLMPK550MEC,BOTFVEJR32AXTJBH,,,,,,,,,,,,,,
FGATH500GRE_1,BOTFTRH4SPKT5GEY,,,,,,,,,,,,,,
ISFGSPO400S_1,BOTEQ6HYHQ6A6ZZN,,,,,,,,,,,,,,
ISFGBO0350S_1,BOTFTRH4GSFQ6ZE2,,,,,,,,,,,,,,
FGFTL350BLA_1,BOTFTRH4EPHYCHFB,,,,,,,,,,,,,,
BT500BE111,BOTFMYYR6GD2J3GQ,,,,,,,,,,,,,,
BVCRS2HB700EC_1,BOTGYDWKEYHTQZPY,,,,,,,,,,,,,,
BT0750BP212_1,BOTFMYYRUHQYEZUN,,,,,,,,,,,,,,
BVCRS2HB700EC,BOTGYDWKGHRKXYEY,,,,,,,,,,,,,,
MUG410GDN22,BOTGJ88S5TYZSSEB,,,,,,,,,,,,,,
BT260RG119,BOTFZYCFSFHYH79W,,,,,,,,,,,,,,
BT200SS123,BOTG4JSCYYGWR2QA,,,,,,,,,,,,,,
BT800BK129,BOTGHYCKD3BXSCMA,,,,,,,,,,,,,,
FGFTL750BLU,BOTFZYCFB9TEZSUW,,,,,,,,,,,,,,
BSW1000SS11-3,BOTGZENGAZUV5HBD,,,,,,,,,,,,,,
BT600BK128,BOTGHYCNJWWVDMPQ,,,,,,,,,,,,,,
CM500PNK41,BOTGTG33U6FQWGT5,,,,,,,,,,,,,,
FLKT15RED20,BOTFY34RXHN9DXWG,,,,,,,,,,,,,,
BT0700VLT403,BOTFZP6EHWUYZGHF,,,,,,,,,,,,,,
BVCRS3HB700EC,BOTGYDWKHBEUFHQD,,,,,,,,,,,,,,
CM500BLK42,BOTGTG33QAFB6FS2,,,,,,,,,,,,,,
FGBOL0500BL,BOTF7Q4VWJZDDCWX,,,,,,,,,,,,,,
BT0800TL103,BOTG7QTMGRKJG2EQ,,,,,,,,,,,,,,
HDECOCOPPER,BOTGNAWVZYBQS68G,,,,,,,,,,,,,,
BVBTWMGRN750,BOTGYDWKF35XQDTE,,,,,,,,,,,,,,
FLKT20LOY11,BOTGY4M47XHMD347,,,,,,,,,,,,,,
B1000BK01,BOTGG7FUPT8X6YTF,,,,,,,,,,,,,,
BT300BLK110,BOTFZYCFZMYFH6VT,,,,,,,,,,,,,,
FGFTL500BLU,BOTFZYCFGZESM8QB,,,,,,,,,,,,,,
BT0800TF104,BOTG7QTMJ2MNNST2,,,,,,,,,,,,,,
BT0700GRN401,BOTFZP6EZBHYSUGZ,,,,,,,,,,,,,,
FLKT15SS21,BOTGY4M4RPHRKHYC,,,,,,,,,,,,,,
BT0800TA101,BOTG7QTMGJFX7ZBZ,,,,,,,,,,,,,,
BT0800TB105,BOTG7QTMSVSG7SF9,,,,,,,,,,,,,,
FLKT75RED14,BOTGY4M4A9XNC8HG,,,,,,,,,,,,,,
BVBTWMPIN750,BOTGYDWKQGGN6Z9X,,,,,,,,,,,,,,
FGFTL1000BL,BOTF7Q4VNDMUCYEW,,,,,,,,,,,,,,
BT360RG120,BOTFMYYRWBRY4F4T,,,,,,,,,,,,,,
FGFTL1LSLBL,BOTGCFGZSGJHTFPD,,,,,,,,,,,,,,
BNOV500BKAZN,BOTGUAFVPRYVWFAD,,,,,,,,,,,,,,
BT900GRNAZN,BOTGUAFVSYAHGTVQ,,,,,,,,,,,,,,
FGBOL75BL1,BOTG4JRXGHVGGCXJ,,,,,,,,,,,,,,
ISFGBO1001S,BOTG4JRX4JHPMB5T,,,,,,,,,,,,,,
HDSSLCOPPER,BOTGCFGZW79QGNGM,,,,,,,,,,,,,,
FGFTL1001BL,BOTG4JRXBNGCM3HN,,,,,,,,,,,,,,
BT500BLK102,BOTF8SFCDAXTCQXP,,,,,,,,,,,,,,
BCR0900BLK44,BOTGUGVYFNCB8U7C,,,,,,,,,,,,,,
BT850BLK102,BOTFMYYRVVJR3ZTK,,,,,,,,,,,,,,
BCR0900GRN45,BOTGUGWXUFKYYZJG,,,,,,,,,,,,,,
BT300WHE131,BOTGJF7ZQU9ZDNXS,,,,,,,,,,,,,,
BT400SSB106,BOTFZYCFPENA9GKZ,,,,,,,,,,,,,,
B0560TI02,BOTGGUYFZVRDGHPY,,,,,,,,,,,,,,
BT0800TS102,BOTG7QTMKFEH2DVN,,,,,,,,,,,,,,
BT0500BP201_1,BOTFG83NTGJ33GR5,,,,,,,,,,,,,,
FGFTL750BLA,BOTF7Q4VZEHYBHZF,,,,,,,,,,,,,,
BT600BK125,BOTG8RVDK9STDFDG,,,,,,,,,,,,,,
BSW1000SS11-4,BOTGZENG4J6YWA8G,,,,,,,,,,,,,,
ISFGSP0350S_1,BOTFTRH4WUTQZWDM,,,,,,,,,,,,,,
BOCOS320GD,BOTGTG32QSZPFUDS,,,,,,,,,,,,,,
HDECOCOPRBRN,BOTGR5STHACH2R5A,,,,,,,,,,,,,,
BT600TL136,BOTGTG34QY5EVW7Y,,,,,,,,,,,,,,
BT600VT134,BOTGTG34S6RZVCWF,,,,,,,,,,,,,,
BVCRTGLACNR1L,BOTGTNZ55HQQXAPP,,,,,,,,,,,,,,
BVUNEBGP75003,BOTGR5Z6RFHTNB9V,,,,,,,,,,,,,,
BVBTWMPIN75002,BOTGS2VEKGTAFAM7,,,,,,,,,,,,,,
BVNGBBLS55003,BOTGR5Z4VATAUJ2F,,,,,,,,,,,,,,
BVUNEBGP55003,BOTGR5Z5TASHYDVT,,,,,,,,,,,,,,
BVCRTGLAC1000,BOTGTNZ6G3EGZ48T,,,,,,,,,,,,,,
BVBTWMBLU75002,BOTGS2XKNNGZMY5V,,,,,,,,,,,,,,
BVBTWMGRN75003,BOTGS2XCVGFQW9GF,,,,,,,,,,,,,,
BVNRSINSS550,BOTGTNZ64YFSFJKW,,,,,,,,,,,,,,
BVNRGLACS550,BOTGTNZ6GW3NXQM3,,,,,,,,,,,,,,
BVCRTMSIN1000,BOTGTNZ63ZXC4HFZ,,,,,,,,,,,,,,
BVNEOSINSS550,BOTGTNZ6TGTJ9AHR,,,,,,,,,,,,,,
BVNRROMAS550,BOTGTNZ6DPXMHCCZ,,,,,,,,,,,,,,
EASYSIPS3C,BOTGZVJZ6ZFKEXY6,,,,,,,,,,,,,,
BT500TM112,BOTFMYYRHH9FNB2A,,,,,,,,,,,,,,
FLKT50SSB11,BOTGY4M4HKJ5WS74,,,,,,,,,,,,,,
BOCOS320BL,BOTGTG34ETAEDCGA,,,,,,,,,,,,,,
BT600SE133,BOTGKQKPYZAUCAK9,,,,,,,,,,,,,,
B0560TI01,BOTGGUYHEUZ3GADV,,,,,,,,,,,,,,
FGFTL350BLA,BOTF7Q4VTVNEZQWZ,,,,,,,,,,,,,,
ICSWDSS1000EC,BOTFVEJQU7QXKYSQ,,,,,,,,,,,,,,
ICSLMPK1000EC,BOTFVEJRVGNPCH2N,,,,,,,,,,,,,,
ICSLMSS1000EC,BOTFVEJRQEKBEJUT,,,,,,,,,,,,,,
BTU0500BLK36,BOTGTG35Y33HSM44,,,,,,,,,,,,,,
ICSLMBL550MEC,BOTFVEJQFGBETUXH,,,,,,,,,,,,,,
BVBTWMGRN75004,BOTGS2VEN24VMHG4,,,,,,,,,,,,,,
BVBTWMBLU75004,BOTGS2VEGFEGGZVP,,,,,,,,,,,,,,
BVBTWMBLU75003,BOTGS2VEVUWTZDXJ,,,,,,,,,,,,,,
BVBTWMGRN75002,BOTGS2XCWXE4NHYY,,,,,,,,,,,,,,
BVBTWMPIN75003,BOTGS2XH7RCYYYX2,,,,,,,,,,,,,,
BVUNEPNK55002,BOTGRZTDTGFGDAJK,,,,,,,,,,,,,,
BVUNEBLU55003,BOTGRZTDJBRF2KQT,,,,,,,,,,,,,,
BVUNEGRN55002,BOTGRZTDBZXXCV3G,,,,,,,,,,,,,,
BVUNEPNK55004,BOTGRZTDUKTJSHHQ,,,,,,,,,,,,,,
BVBTWMPIN75004,BOTGS2VENDU5SWXZ,,,,,,,,,,,,,,
BVUNEPNK55003,BOTGRZTDRAWCHQDK,,,,,,,,,,,,,,
BVUNEBLU55004,BOTGRZTDB2DQYJKQ,,,,,,,,,,,,,,
BVUNEGRN55004,BOTGRZTDU2DVAZAQ,,,,,,,,,,,,,,
ICSLMSS550M02,BOTGR5Z5ZMX4C6UN,,,,,,,,,,,,,,
BVUNEBLU55002,BOTGRZTD2YXC6USB,,,,,,,,,,,,,,
ICSWDSS100002,BOTGR5Z6PHNFRGYB,,,,,,,,,,,,,,
ICSLMPK550M02,BOTGR5Z4FCYVAZU7,,,,,,,,,,,,,,
ICSLMPK550M03,BOTGR5NZND8NHTGU,,,,,,,,,,,,,,
BVBTCWM750SS03,BOTGR5Z4R72ZYYX2,,,,,,,,,,,,,,
ICSLMBL100003,BOTGR5ZYCE9REKPA,,,,,,,,,,,,,,
ICSWDBL100002,BOTGR5Z4Q6MQ3PJK,,,,,,,,,,,,,,
BVUNEGRN55003,BOTGRZTDBMWZPCTM,,,,,,,,,,,,,,
BVBTCWM750SS02,BOTGR5ZYMSVS5YHV,,,,,,,,,,,,,,
BVNEOGBSS55003,BOTGR5Z62FCEBEFX,,,,,,,,,,,,,,
ICSLMSS550M03,BOTGR5ZYB2GFHZYG,,,,,,,,,,,,,,
BVNGBBLS55002,BOTGR5Z4NYGBWARN,,,,,,,,,,,,,,
ICSLMBL100002,BOTGR5ZYYUBFGBQJ,,,,,,,,,,,,,,
ICSLMSS100002,BOTGR5Z64YBVNEGG,,,,,,,,,,,,,,
ICSLMBL550M02,BOTGR5Z5ZAN8VUFR,,,,,,,,,,,,,,
BVNEOGBSS55002,BOTGR5Z7UMVBTWCF,,,,,,,,,,,,,,
ICSLMSS100003,BOTGR5Z6JUJZZ4MZ,,,,,,,,,,,,,,
ICSLMBL550M03,BOTGR5Z4UUN5AX4Y,,,,,,,,,,,,,,
,MOBGTAGPAQNVFZZY,,,,,,,,,,,,,,
,MOBGHWFHECFVMDCX,,,,,,,,,,,,,,
,MOBGTAGPTB3VS24W,,,,,,,,,,,,,,